topic_words3,Eesti Vabaerakonna fraktsioon,Sotsiaaldemokraadid,difference
vaesuses suhtelises vaesuse,0.00625,0.0180586907449209,-188.9390519187344
kodakondsust kodakondsuse kodanikuks,0.00625,0.0158013544018058,-152.8216704288928
koolis kooli opilased,0.025,0.0361173814898419,-44.469525959367594
teenistuse teenistuses avalikus,0.00625,0.0090293453724604,-44.4695259593664
ajakirjandus ajakirjanduse ajakirjandust,0.00625,0.0090293453724604,-44.4695259593664
lipu laevu kaubalaeva,0.00625,0.0090293453724604,-44.4695259593664
pollumeestele pollumehi pollumehed,0.01875,0.0225733634311512,-20.391271632806408
valispoliitika valispoliitikas diplomaatia,0.00625,0.0067720090293453,-8.3521444695248
aasia aasias saatkonna,0.00625,0.0067720090293453,-8.3521444695248
psuhhiaatri alaealine psuhhiaatrilist,0.00625,0.0067720090293453,-8.3521444695248
opositsioonis koalitsiooni opositsiooni,0.0125,0.0112866817155756,9.706546275395203
direktiivi direktiiv ulevotmise,0.00625,0.0045146726862302,27.765237020316803
puude raskusastme puuet,0.00625,0.0045146726862302,27.765237020316803
ametiuhingute tooandjate keskliit,0.00625,0.0045146726862302,27.765237020316803
opositsiooni koalitsioonil opositsioonil,0.00625,0.0045146726862302,27.765237020316803
pohiseadusega riigikohus oiguskantsler,0.0125,0.0067720090293453,45.8239277652376
jahimehed jahimeeste jahti,0.0125,0.0067720090293453,45.8239277652376
kinnisasja maad maa,0.00625,0.0022573363431151,63.882618510158395
uuring uuringut uuringu,0.00625,0.0022573363431151,63.882618510158395
otsevalimise presidenti presidendi,0.00625,0.0022573363431151,63.882618510158395
reklaami reklaam alkoholireklaam,0.00625,0.0022573363431151,63.882618510158395
vanemahuvitist vanemahuvitise vanemahuvitis,0.00625,0.0022573363431151,63.882618510158395
eelarves riigieelarves reservist,0.00625,0.0022573363431151,63.882618510158395
kohtunike kohtususteem kohtuniku,0.00625,0.0022573363431151,63.882618510158395
toonadalal istungid taiendaval,0.01875,0.0112866817155756,39.804364183596796
huvigruppe huvigruppide kaasatud,0.01875,0.0112866817155756,39.804364183596796
virumaale virumaa toostusalade,0.01875,0.0090293453724604,51.84349134687787
keskkonnaameti uhendamine uhendamise,0.01875,0.0090293453724604,51.84349134687787
tantsupeo laulu traditsiooni,0.0125,0.0045146726862302,63.882618510158395
valimisliitude volikogusse volikokku,0.0125,0.0045146726862302,63.882618510158395
joustumine joustuma joustada,0.01875,0.0067720090293453,63.88261851015841
missiooni missioonile missioon,0.01875,0.0067720090293453,63.88261851015841
kirik kiriku maarja,0.01875,0.0067720090293453,63.88261851015841
metsa metsade mets,0.01875,0.0067720090293453,63.88261851015841
arengukavad arengukavade pohialuste,0.04375,0.0248306997742663,43.24411480167702
karistuse karistus tingimisi,0.0125,0.0022573363431151,81.9413092550792
oigusriik oigusriigi oigusriigist,0.0125,0.0022573363431151,81.9413092550792
salvestisi salvestised salvestiste,0.01875,0.0045146726862302,75.92174567343893
kohtla jarve johvi,0.01875,0.0022573363431151,87.96087283671946
uliopilased uliopilastele uliopilaste,0.025,0.0045146726862302,81.9413092550792
skais arendused infosusteemide,0.025,0.0045146726862302,81.9413092550792
rail trassi balticu,0.025,0.0022573363431151,90.97065462753959
tulumaksuvaba maksususteemi tulumaksu,0.03125,0.0067720090293453,78.32957110609505
moisteid moiste moisted,0.03125,0.0022573363431151,92.77652370203168
teadus teaduse arendustegevuse,0.04375,0.0135440180586907,69.0422444372784
riigireformi riigireformist riigireform,0.06875,0.0203160270880361,70.44941514467476
krimmi agressiooni ukraina,0.0375,0.0,100.0
vallaga vald sauga,0.03125,0.0,100.0
riigikontrolli auditi auditit,0.025,0.0,100.0
terviseandmed isikuandmeid terviseandmeid,0.01875,0.0,100.0
kaasne lisakulutusi riigieelarvele,0.0125,0.0,100.0
korruptsiooni korruptsioon korruptsiooniga,0.0125,0.0,100.0
maavalitsuste maavalitsused maakonna,0.0125,0.0,100.0
etv saateid pbk,0.0125,0.0,100.0
rahapesu terrorismi andmeburoo,0.0125,0.0,100.0
ulikooliga kbfi instituudi,0.0125,0.0,100.0
annetus erjk annetuse,0.0125,0.0,100.0
riigiabi komisjonilt loa,0.00625,0.0,100.0
elamisluba elamisloa viisa,0.00625,0.0,100.0
volakirjade keskpank volakirju,0.00625,0.0,100.0
muuseum muuseumi muuseumide,0.00625,0.0,100.0
keeleoskust oskuse keeleoskuse,0.00625,0.0,100.0
maksuamet tolliamet tolliameti,0.00625,0.0,100.0
tulubaasi omavalitsustele omavalitsuste,0.00625,0.0,100.0
ugri rahvaste polisrahvaste,0.00625,0.0,100.0
viirust vaktsineeritud viiruse,0.00625,0.0,100.0
leping ratifitseerida lepinguga,0.00625,0.0,100.0
korteriuhistu korteriomanike korteriuhistute,0.00625,0.0,100.0
abipolitseinik abipolitseiniku abipolitseinike,0.0,0.0,
relva relvade relvaluba,0.0,0.0,
lng terminali gaasi,0.0,0.0,
magustatud suhkrut joogi,0.0,0.0,
muundatud geneetiliselt gmo,0.0,0.0,
nord stream streami,0.0,0.0,
objekti anu raua,0.0,0.0,
ooteala piiriuletuse piiripunkti,0.0,0.0,
ootuse oigusparase oiguskindluse,0.0,0.0,
operatsioonil sojalisel panustamisel,0.0,0.0,
piima toorpiima toodangut,0.0,0.0,
piirikontrolli schengeni valispiiri,0.0,0.0,
piirivalve valvamise valvamine,0.0,0.0,
planeeringu keskkonnamoju keskkonnamojude,0.0,0.0,
president ilves presidendi,0.0,0.0,
rahvaalgatuse rahvaalgatus rahvahaaletus,0.0,0.0,
riigiloivude riigiloivud riigiloivu,0.0,0.0,
liitlaste ohutorje keskmaa,0.0,0.0,
riigipalgaliste riigisektoris koondada,0.0,0.0,
rongi rongide rongid,0.0,0.0,
sigade katku katk,0.0,0.0,
talupidajate kaubanduskoja kaubanduskoda,0.0,0.0,
tarbijakaitse amet ametile,0.0,0.0,
tervist tervis tervisega,0.0,0.0,
tooandja tooandjal tootaja,0.0,0.0,
tootuid tootute tootu,0.0,0.0,
uhistranspordi uhistransport uhistransporti,0.0,0.0,
vagivalla naistevastase perevagivalla,0.0,0.0,
vaikesaarte saarte pusiasustusega,0.0,0.0,
valdkonnad laekumisest fikseeritakse,0.0,0.0,
valismaale valjarande valjaranne,0.0,0.0,
valitsemisalade katteallikaks riigieelarves,0.0,0.0,
lisaeelarve lisaeelarves lisaeelarvega,0.0,0.0,
lae korgepalgaliste lagi,0.0,0.0,
ammendumiseni kaheni pikendada,0.0,0.0,
inimarengu aruanne aruandes,0.0,0.0,
arengufond arengufondi arengufondis,0.0,0.0,
borsile ipo enefit,0.0,0.0,
danske filiaali rahapesu,0.0,0.0,
domeenide domeeni interneti,0.0,0.0,
efsf esm kreekale,0.0,0.0,
ene ergma aplaus,0.0,0.0,
estonian air airi,0.0,0.0,
fie fuusilisest isikust,0.0,0.0,
haaletamissedel haaletamiskasti sedeli,0.0,0.0,
hadaolukorda eriolukord eriolukorra,0.0,0.0,
hanke hankija riigihangete,0.0,0.0,
hansson ardo panga,0.0,0.0,
hiv narkomaania epideemia,0.0,0.0,
idapiiri piiririba valjaehitamine,0.0,0.0,
jalitustegevuse jalitustoimingu sideandmete,0.0,0.0,
kusija vastaja vastasin,0.0,0.0,
kaibemaksu kaibemaks kaibemaksumaara,0.0,0.0,
kaitsekulud kaitsekulutused kaitsekulude,0.0,0.0,
kaitseliit kaitseliidule kaitseliidu,0.0,0.0,
kandidaati kandidaat valituks,0.0,0.0,
kandideerima ametikohale kandidaatide,0.0,0.0,
kinnitamise paevakorra paevakord,0.0,0.0,
kohanimenoukogu vonnu mulgi,0.0,0.0,
kohtutaiturite kohtutaitur kohtutaituri,0.0,0.0,
kolledz kolledzi turi,0.0,0.0,
koneleja konsensuslikud repliigi,0.0,0.0,
konkurss konkursi konkurssi,0.0,0.0,
kontrollin haaled kandidaadi,0.0,0.0,
korrata stenogrammist vabandan,0.0,0.0,
korterid kortereid korterit,0.0,0.0,
aituma infotundi jahimehed,0.0,0.0,
normitehnika mojude eeskiri,0.0,0.0090293453724604,-inf
piirilepingu piirileping piirilepingut,0.0,0.0022573363431151,-inf
vabatahtlike komandode paasteameti,0.0,0.0022573363431151,-inf
lahususe voimude lahusus,0.0,0.0045146726862302,-inf
noukogudesse ariuhingute noukogudes,0.0,0.0022573363431151,-inf
laari laar kandidatuuri,0.0,0.0022573363431151,-inf
post posti omniva,0.0,0.0022573363431151,-inf
raamatukogu pimedate raamatukogude,0.0,0.0022573363431151,-inf
valimisea valimisiga valimisoiguse,0.0,0.0067720090293453,-inf
valijate erakonda valijaid,0.0,0.0067720090293453,-inf
vagivallale vihakone ohutamine,0.0,0.0045146726862302,-inf
utah jordaania energia,0.0,0.0022573363431151,-inf
lasteaia lasteaias lasteaiakoha,0.0,0.0045146726862302,-inf
untso missioonide liikmesusest,0.0,0.0045146726862302,-inf
ulejaagis struktuurses struktuurse,0.0,0.0112866817155756,-inf
tulubaasi tasandusfondi tulumaksuosa,0.0,0.0022573363431151,-inf
ts parvlaeva parvlaevad,0.0,0.0022573363431151,-inf
treenerite spordi sport,0.0,0.0158013544018058,-inf
toovoimereformi toovoimega toovoimereform,0.0,0.0045146726862302,-inf
prokuratuur prokuratuuri prokuror,0.0,0.0022573363431151,-inf
tooandja tervisesse maksuvabalt,0.0,0.0045146726862302,-inf
lapsetoetust lapsetoetus lapsetoetuse,0.0,0.0045146726862302,-inf
liiklussurmade liikluses hukkunute,0.0,0.0045146726862302,-inf
teatri teater rahvusooper,0.0,0.0022573363431151,-inf
oppelaenu sugava puudega,0.0,0.0090293453724604,-inf
pensionitous pensionitousu pension,0.0,0.0428893905191873,-inf
pensioniiga pensioniea eluiga,0.0,0.0022573363431151,-inf
pensionifondide pensionifondid fondid,0.0,0.0045146726862302,-inf
pensioni pension sammas,0.0,0.0067720090293453,-inf
pealinnast tallinnast viljandisse,0.0,0.0022573363431151,-inf
palgatousu opetajate palgatous,0.0,0.0383747178329571,-inf
palgalohe soolist meeste,0.0,0.0045146726862302,-inf
pagulasi pagulased pagulaste,0.0,0.0022573363431151,-inf
oigusloome oigusloomes oiguspoliitika,0.0,0.0045146726862302,-inf
lipud lippude lipp,0.0,0.0022573363431151,-inf
poolte kokkuleppel huvitise,0.0,0.0045146726862302,-inf
oiglase virumaale ulemineku,0.0,0.0022573363431151,-inf
miili baasvorgu lairiba,0.0,0.0022573363431151,-inf
mes maale maaelu,0.0,0.0090293453724604,-inf
majandusaasta koondaruanne raamatupidamise,0.0,0.0022573363431151,-inf
maantee neljarealiseks ppp,0.0,0.0045146726862302,-inf
louis freeh kremli,0.0,0.0022573363431151,-inf
loomi loomade loomad,0.0,0.0338600451467268,-inf
teede teehoiuks teedele,0.0,0.0022573363431151,-inf
tapsustatakse ajakohastatakse nouete,0.0,0.0022573363431151,-inf
korterelamute kortermajade kredexi,0.0,0.0158013544018058,-inf
elektri elektrit taastuvenergia,0.0,0.0022573363431151,-inf
huvihariduse huvitegevuse huviharidus,0.0,0.0067720090293453,-inf
id mobiil kaardi,0.0,0.0022573363431151,-inf
jarviku jarvik maaeluministri,0.0,0.0654627539503386,-inf
iive sundimus iibe,0.0,0.0022573363431151,-inf
jaatmeid liigiti prugi,0.0,0.0022573363431151,-inf
kantsler kantsleri riigisekretar,0.0,0.0090293453724604,-inf
inflatsiooni inflatsioon hinnatous,0.0,0.0022573363431151,-inf
erimargistatud kutust kutuse,0.0,0.0067720090293453,-inf
alkoholi kange lahja,0.0,0.0203160270880361,-inf
kandidaadi kandidaati kandidaat,0.0,0.0022573363431151,-inf
eriarstide eriarstiabi eriarsti,0.0,0.0067720090293453,-inf
abielu kooselu samasooliste,0.0,0.0022573363431151,-inf
annetused annetusi annetuste,0.0,0.0022573363431151,-inf
kodualuse maamaksu maamaksust,0.0,0.0045146726862302,-inf
deklaratsiooni deklaratsioone deklaratsioonis,0.0,0.0022573363431151,-inf
eelarvele kulude riigieelarvele,0.0,0.0022573363431151,-inf
elatisraha elatisabi elatise,0.0,0.0045146726862302,-inf
apteeke apteegid apteekide,0.0,0.0225733634311512,-inf
kala kalurid kalurite,0.0,0.0022573363431151,-inf
hoone rkas hoonet,0.0,0.0067720090293453,-inf
taanis saksamaal hollandis,0.0,0.0067720090293453,-inf
kutsehariduse kutseharidus kutsehariduses,0.0,0.0022573363431151,-inf
sularaha kommertspangad pangad,0.0,0.0022573363431151,-inf
soita jalakaija konniteel,0.0,0.0067720090293453,-inf
slovakkia ungari portugal,0.0,0.0022573363431151,-inf
samba sammas sambasse,0.0,0.0677200902934537,-inf
salastatud valisteabe riigisaladuse,0.0,0.0022573363431151,-inf
rahvuse rahvust rahvusriik,0.0,0.0045146726862302,-inf
rahvahaaletuse rahvahaaletus rahvahaaletusel,0.0,0.0022573363431151,-inf
teenuseid teenused teenust,0.0,0.0022573363431151,-inf
volitust kaasuses jarvik,0.0,0.0022573363431151,-inf
eripensioni valjateenitud staazi,0.0,0.0022573363431151,-inf
hooldekodus hoolduse hooldekodu,0.0,0.0203160270880361,-inf
erso teatri kontserdi,0.0,0.0022573363431151,-inf
kauguhendus avaksite ettekandjalt,0.0,0.0067720090293453,-inf
katteallikas katteallikaid katteallikat,0.0,0.0022573363431151,-inf
kasvavad tuleval kasv,0.0,0.0022573363431151,-inf
haale valimispaeval valimiste,0.0,0.0022573363431151,-inf
hoiu pangad pankade,0.0,0.0022573363431151,-inf
kusimusena tahtsa tahtsusega,0.0,0.0022573363431151,-inf
veb fondi uurimiskomisjon,0.0,0.0,
